-- MySQL dump 10.13  Distrib 8.0.27, for macos11 (x86_64)
--
-- Host: localhost    Database: simasjid
-- ------------------------------------------------------
-- Server version	8.0.26

/*!40101 SET @OLD_CHARACTER_SET_CLIENT=@@CHARACTER_SET_CLIENT */;
/*!40101 SET @OLD_CHARACTER_SET_RESULTS=@@CHARACTER_SET_RESULTS */;
/*!40101 SET @OLD_COLLATION_CONNECTION=@@COLLATION_CONNECTION */;
/*!50503 SET NAMES utf8mb4 */;
/*!40103 SET @OLD_TIME_ZONE=@@TIME_ZONE */;
/*!40103 SET TIME_ZONE='+00:00' */;
/*!40014 SET @OLD_UNIQUE_CHECKS=@@UNIQUE_CHECKS, UNIQUE_CHECKS=0 */;
/*!40014 SET @OLD_FOREIGN_KEY_CHECKS=@@FOREIGN_KEY_CHECKS, FOREIGN_KEY_CHECKS=0 */;
/*!40101 SET @OLD_SQL_MODE=@@SQL_MODE, SQL_MODE='NO_AUTO_VALUE_ON_ZERO' */;
/*!40111 SET @OLD_SQL_NOTES=@@SQL_NOTES, SQL_NOTES=0 */;

--
-- Table structure for table `activity`
--

DROP TABLE IF EXISTS `activity`;
/*!40101 SET @saved_cs_client     = @@character_set_client */;
/*!50503 SET character_set_client = utf8mb4 */;
CREATE TABLE `activity` (
  `id` int unsigned NOT NULL AUTO_INCREMENT,
  `name` varchar(100) COLLATE utf8mb4_unicode_ci NOT NULL,
  `start_time` int NOT NULL DEFAULT '0',
  `end_time` int NOT NULL DEFAULT '0',
  `recurring` tinyint(1) NOT NULL DEFAULT '0',
  `recurring_days` int NOT NULL DEFAULT '0',
  `leader` varchar(100) COLLATE utf8mb4_unicode_ci NOT NULL,
  `icon` varchar(100) CHARACTER SET utf8mb4 COLLATE utf8mb4_unicode_ci NOT NULL,
  `description` text COLLATE utf8mb4_unicode_ci NOT NULL,
  `banner` varchar(100) COLLATE utf8mb4_unicode_ci DEFAULT NULL,
  `created_at` timestamp NULL DEFAULT NULL,
  `updated_at` timestamp NULL DEFAULT NULL,
  `show_landing_page` tinyint(1) NOT NULL DEFAULT '0',
  PRIMARY KEY (`id`)
) ENGINE=InnoDB AUTO_INCREMENT=12 DEFAULT CHARSET=utf8mb4 COLLATE=utf8mb4_unicode_ci;
/*!40101 SET character_set_client = @saved_cs_client */;

--
-- Dumping data for table `activity`
--

LOCK TABLES `activity` WRITE;
/*!40000 ALTER TABLE `activity` DISABLE KEYS */;
INSERT INTO `activity` VALUES (9,'Kajian Rutin',1688778000,1688950800,0,0,'Semua siswa','1688752838.png','<p><em>Salat berjamaah</em>&nbsp;adalah salat yang dikerjakan oleh dua orang atau lebih secara bersama-sama dan salah seorang dari mereka menjadi imam</p>','1688752838.jpg','2023-07-07 11:00:38','2023-07-07 11:01:00',1),(10,'Solat berjamaah',1689555660,1690419660,0,0,'Semua siswa','1688752897.png','<p>Kajian rutin adalah salah satu program kerja dari bidang pendidikan dan pelatihan dengan tujuan Meningkatkan pengetahuan dan pemahaman, membangun silaturahmi, dan merefleksikan kembali materi yang diberikan pada saat Tesisi khusus untuk mahasiswa baru 2021.</p>','1688752897.jpg','2023-07-07 11:01:37','2023-07-07 11:01:37',1),(11,'Pelatihan Tilawah',1688778120,1689469320,0,0,'Semua siswa','1688753016.png','<p><strong>Tilawah </strong>merupakan cara membaca Al-Quran dengan menampakkan dan melafalkan huruf-hurufnya denga jelas dan berhati-hati supaya lebih mudah untuk memahami&nbsp;<strong>makna</strong>-<strong>makna</strong>&nbsp;yang terkandung di dalam Al-Qur\'an serta terhindari dari kesalahan.</p>','1688753016.jpg','2023-07-07 11:03:36','2023-07-07 11:03:36',1);
/*!40000 ALTER TABLE `activity` ENABLE KEYS */;
UNLOCK TABLES;

--
-- Table structure for table `beneficiary`
--

DROP TABLE IF EXISTS `beneficiary`;
/*!40101 SET @saved_cs_client     = @@character_set_client */;
/*!50503 SET character_set_client = utf8mb4 */;
CREATE TABLE `beneficiary` (
  `id` bigint unsigned NOT NULL AUTO_INCREMENT,
  `id_transaction_type` int unsigned NOT NULL,
  `name` varchar(100) COLLATE utf8mb4_unicode_ci NOT NULL,
  `created_at` timestamp NULL DEFAULT NULL,
  `updated_at` timestamp NULL DEFAULT NULL,
  PRIMARY KEY (`id`),
  KEY `beneficiary_id_transaction_type_foreign` (`id_transaction_type`),
  CONSTRAINT `beneficiary_id_transaction_type_foreign` FOREIGN KEY (`id_transaction_type`) REFERENCES `transaction_type` (`id`)
) ENGINE=InnoDB AUTO_INCREMENT=5 DEFAULT CHARSET=utf8mb4 COLLATE=utf8mb4_unicode_ci;
/*!40101 SET character_set_client = @saved_cs_client */;

--
-- Dumping data for table `beneficiary`
--

LOCK TABLES `beneficiary` WRITE;
/*!40000 ALTER TABLE `beneficiary` DISABLE KEYS */;
INSERT INTO `beneficiary` VALUES (2,14,'Miskin','2023-06-25 00:50:43','2023-06-25 00:59:18'),(3,14,'Amil','2023-06-25 00:50:49','2023-06-25 00:50:49'),(4,14,'Muallaf','2023-06-25 00:50:59','2023-06-25 00:50:59');
/*!40000 ALTER TABLE `beneficiary` ENABLE KEYS */;
UNLOCK TABLES;

--
-- Table structure for table `customer`
--

DROP TABLE IF EXISTS `customer`;
/*!40101 SET @saved_cs_client     = @@character_set_client */;
/*!50503 SET character_set_client = utf8mb4 */;
CREATE TABLE `customer` (
  `id` bigint unsigned NOT NULL AUTO_INCREMENT,
  `transaction_id` bigint unsigned NOT NULL,
  `name` varchar(100) COLLATE utf8mb4_unicode_ci DEFAULT NULL,
  `email` varchar(100) COLLATE utf8mb4_unicode_ci DEFAULT NULL,
  `phone_number` varchar(20) COLLATE utf8mb4_unicode_ci DEFAULT NULL,
  `created_at` timestamp NULL DEFAULT NULL,
  `updated_at` timestamp NULL DEFAULT NULL,
  PRIMARY KEY (`id`),
  KEY `customer_transaction_id_foreign` (`transaction_id`),
  CONSTRAINT `customer_transaction_id_foreign` FOREIGN KEY (`transaction_id`) REFERENCES `transaction` (`id`)
) ENGINE=InnoDB AUTO_INCREMENT=14 DEFAULT CHARSET=utf8mb4 COLLATE=utf8mb4_unicode_ci;
/*!40101 SET character_set_client = @saved_cs_client */;

--
-- Dumping data for table `customer`
--

LOCK TABLES `customer` WRITE;
/*!40000 ALTER TABLE `customer` DISABLE KEYS */;
INSERT INTO `customer` VALUES (2,4,'Ahmad haidar albaqir ei','kevin@gmail.com','085719448567','2023-06-24 20:54:41','2023-06-25 02:43:15'),(3,10,'Ahmad haidar albaqir','ahmadhaidaralbaqir.official@gmail.com','085719448567','2023-06-25 07:15:26','2023-06-25 07:15:26'),(4,14,'Ahmad haidar albaqir edted','ahmadhaidaralbaqir.official@gmail.com','085719448567','2023-06-25 08:47:27','2023-07-01 06:25:46'),(5,15,'Ahmad haidar albaqir','ahmadhaidaralbaqir.official@gmail.com','085719448567','2023-06-25 08:58:30','2023-06-25 08:58:37'),(6,19,'Ahmad haidar albaqir','ahmadhaidaralbaqir.official@gmail.com','085719448567','2023-07-01 19:16:35','2023-07-01 19:16:35'),(7,20,'ahmad haidar albaqir','ahmadhaidaralbaqir.official@gmail.com','085719448567','2023-07-07 16:47:11','2023-07-07 17:31:53'),(8,21,'Ahmad haidar albaqir','ahmadhaidaralbaqir.official@gmail.com','085719448567','2023-07-07 19:54:19','2023-07-07 19:54:25'),(9,22,'Ahmad haidar albaqir','ahmadhaidaralbaqir.official@gmail.com','085719448567','2023-07-07 21:10:56','2023-07-07 21:11:02'),(10,23,'ahmad haidar albaqir','ahmadhaidaralbaqir.official@gmail.com','085719448567','2023-07-07 21:13:03','2023-07-07 21:13:09'),(11,24,'Ahmad haidar albaqir','ahmadhaidaralbaqir.official@gmail.com','085719448567','2023-07-07 21:18:42','2023-07-07 21:18:51'),(12,25,'ahmad haidar albaqir','ahmadhaidaralbaqir.official@gmail.com','085719448567','2023-07-07 21:21:23','2023-07-07 21:21:29'),(13,26,'ahmad haidar albaqir','ahmadhdr.22@gmail.com','085719448567','2023-07-07 21:30:17','2023-07-07 21:30:23');
/*!40000 ALTER TABLE `customer` ENABLE KEYS */;
UNLOCK TABLES;

--
-- Table structure for table `failed_jobs`
--

DROP TABLE IF EXISTS `failed_jobs`;
/*!40101 SET @saved_cs_client     = @@character_set_client */;
/*!50503 SET character_set_client = utf8mb4 */;
CREATE TABLE `failed_jobs` (
  `id` bigint unsigned NOT NULL AUTO_INCREMENT,
  `uuid` varchar(255) COLLATE utf8mb4_unicode_ci NOT NULL,
  `connection` text COLLATE utf8mb4_unicode_ci NOT NULL,
  `queue` text COLLATE utf8mb4_unicode_ci NOT NULL,
  `payload` longtext COLLATE utf8mb4_unicode_ci NOT NULL,
  `exception` longtext COLLATE utf8mb4_unicode_ci NOT NULL,
  `failed_at` timestamp NOT NULL DEFAULT CURRENT_TIMESTAMP,
  PRIMARY KEY (`id`),
  UNIQUE KEY `failed_jobs_uuid_unique` (`uuid`)
) ENGINE=InnoDB DEFAULT CHARSET=utf8mb4 COLLATE=utf8mb4_unicode_ci;
/*!40101 SET character_set_client = @saved_cs_client */;

--
-- Dumping data for table `failed_jobs`
--

LOCK TABLES `failed_jobs` WRITE;
/*!40000 ALTER TABLE `failed_jobs` DISABLE KEYS */;
/*!40000 ALTER TABLE `failed_jobs` ENABLE KEYS */;
UNLOCK TABLES;

--
-- Table structure for table `fund_distribution`
--

DROP TABLE IF EXISTS `fund_distribution`;
/*!40101 SET @saved_cs_client     = @@character_set_client */;
/*!50503 SET character_set_client = utf8mb4 */;
CREATE TABLE `fund_distribution` (
  `id` bigint unsigned NOT NULL AUTO_INCREMENT,
  `beneficiary_id` bigint unsigned NOT NULL,
  `transaction_id` bigint unsigned NOT NULL,
  `description` text COLLATE utf8mb4_unicode_ci NOT NULL,
  `created_at` timestamp NULL DEFAULT NULL,
  `updated_at` timestamp NULL DEFAULT NULL,
  PRIMARY KEY (`id`),
  KEY `fund_distribution_beneficiary_id_foreign` (`beneficiary_id`),
  KEY `fund_distribution_transaction_id_foreign` (`transaction_id`),
  CONSTRAINT `fund_distribution_beneficiary_id_foreign` FOREIGN KEY (`beneficiary_id`) REFERENCES `beneficiary` (`id`),
  CONSTRAINT `fund_distribution_transaction_id_foreign` FOREIGN KEY (`transaction_id`) REFERENCES `transaction` (`id`)
) ENGINE=InnoDB AUTO_INCREMENT=6 DEFAULT CHARSET=utf8mb4 COLLATE=utf8mb4_unicode_ci;
/*!40101 SET character_set_client = @saved_cs_client */;

--
-- Dumping data for table `fund_distribution`
--

LOCK TABLES `fund_distribution` WRITE;
/*!40000 ALTER TABLE `fund_distribution` DISABLE KEYS */;
INSERT INTO `fund_distribution` VALUES (2,3,9,'asdas','2023-06-25 05:00:54','2023-06-25 06:47:48'),(3,2,16,'asdasd','2023-07-01 06:54:16','2023-07-01 06:54:16'),(4,2,17,'asdad','2023-07-01 19:10:21','2023-07-01 19:10:21'),(5,2,18,'asdasdasd','2023-07-01 19:11:20','2023-07-01 19:11:20');
/*!40000 ALTER TABLE `fund_distribution` ENABLE KEYS */;
UNLOCK TABLES;

--
-- Table structure for table `heroes`
--

DROP TABLE IF EXISTS `heroes`;
/*!40101 SET @saved_cs_client     = @@character_set_client */;
/*!50503 SET character_set_client = utf8mb4 */;
CREATE TABLE `heroes` (
  `id` int unsigned NOT NULL AUTO_INCREMENT,
  `image` varchar(255) COLLATE utf8mb4_unicode_ci NOT NULL,
  `order` tinyint NOT NULL,
  `title` varchar(50) COLLATE utf8mb4_unicode_ci NOT NULL,
  `subtitle` varchar(100) COLLATE utf8mb4_unicode_ci NOT NULL,
  `description` text COLLATE utf8mb4_unicode_ci NOT NULL,
  `link` varchar(100) COLLATE utf8mb4_unicode_ci DEFAULT NULL,
  `created_at` timestamp NULL DEFAULT NULL,
  `updated_at` timestamp NULL DEFAULT NULL,
  PRIMARY KEY (`id`)
) ENGINE=InnoDB AUTO_INCREMENT=4 DEFAULT CHARSET=utf8mb4 COLLATE=utf8mb4_unicode_ci;
/*!40101 SET character_set_client = @saved_cs_client */;

--
-- Dumping data for table `heroes`
--

LOCK TABLES `heroes` WRITE;
/*!40000 ALTER TABLE `heroes` DISABLE KEYS */;
INSERT INTO `heroes` VALUES (1,'1687675550.jpeg',2,'Banner 1 edited','Banner 1 1lksjlaksjdlkasjldkadjasd','asdasd','https://www.youtube.com/watch?v=Md-RlNsS3Rs','2023-06-24 23:45:50','2023-06-24 23:47:07'),(2,'1687675587.jpeg',3,'Banner 2','Ini adalah isi dari banner 2','alsjdajshd','http://127.0.0.1:8000/admin/heroes/create','2023-06-24 23:46:27','2023-06-24 23:47:05'),(3,'1687675611.jpeg',1,'Banner 3','isi dari banner 3','Testing','https://www.youtube.com/watch?v=Md-RlNsS3Rs','2023-06-24 23:46:51','2023-06-24 23:47:07');
/*!40000 ALTER TABLE `heroes` ENABLE KEYS */;
UNLOCK TABLES;

--
-- Table structure for table `migrations`
--

DROP TABLE IF EXISTS `migrations`;
/*!40101 SET @saved_cs_client     = @@character_set_client */;
/*!50503 SET character_set_client = utf8mb4 */;
CREATE TABLE `migrations` (
  `id` int unsigned NOT NULL AUTO_INCREMENT,
  `migration` varchar(255) COLLATE utf8mb4_unicode_ci NOT NULL,
  `batch` int NOT NULL,
  PRIMARY KEY (`id`)
) ENGINE=InnoDB AUTO_INCREMENT=53 DEFAULT CHARSET=utf8mb4 COLLATE=utf8mb4_unicode_ci;
/*!40101 SET character_set_client = @saved_cs_client */;

--
-- Dumping data for table `migrations`
--

LOCK TABLES `migrations` WRITE;
/*!40000 ALTER TABLE `migrations` DISABLE KEYS */;
INSERT INTO `migrations` VALUES (1,'2014_10_12_000000_create_users_table',1),(2,'2014_10_12_100000_create_password_resets_table',1),(3,'2019_08_19_000000_create_failed_jobs_table',1),(4,'2019_12_14_000001_create_personal_access_tokens_table',1),(5,'2023_04_21_150857_create_table_payment_type',1),(6,'2023_04_21_151514_create_transaction_type',1),(7,'2023_04_21_152111_create_transaction',1),(8,'2023_04_21_153158_create_user',1),(9,'2023_04_21_153305_create_heroes',1),(10,'2023_04_21_153412_create_post',1),(11,'2023_04_21_153606_create_activity',1),(12,'2023_04_21_153650_create_activity_schedule',1),(13,'2023_04_21_153827_create_structure',1),(14,'2023_04_22_065404_remove_user_table',1),(15,'2023_04_22_065541_alter_users_table_add_role_field',1),(16,'2023_04_23_024834_alter_table_user_add_field_avatar',1),(17,'2023_04_29_193435_alter_table_post_remove_tag_field',1),(18,'2023_04_30_025158_alter_table_post_add_field_user_id',1),(19,'2023_05_01_050059_alter_table_post_add_field_status',1),(20,'2023_05_14_095830_alter_table_transaction_type_add_field_status',1),(21,'2023_06_09_144014_add_field_user_id_in_transaction',1),(22,'2023_06_15_154256_change_table_sturcture_activity_table',1),(23,'2023_06_15_162132_remove_table_activity_schedule',1),(24,'2023_06_15_230012_create_schedules_table',1),(25,'2023_06_16_020809_change_icon_length_field',1),(26,'2023_06_17_020834_change_data_type',1),(27,'2023_06_17_233309_add_field_id_parent_in_table_structure',1),(28,'2023_06_18_063120_create_table_permission',1),(29,'2023_06_18_075117_add_field_icon_in_permission',1),(30,'2023_06_18_110928_add_roles_table',1),(31,'2023_06_18_175014_change_role_field',1),(32,'2023_06_19_231507_add_nullable_field',1),(33,'2023_06_19_232401_add_customer_table',1),(34,'2023_06_20_014127_add_field_payment_logo',1),(35,'2023_06_20_210340_add_field_id_payment_in_transaction',1),(36,'2023_06_21_004501_add_field_snap_token',1),(37,'2023_06_23_074257_add_field_settlement_date_in_transaction',1),(38,'2023_06_24_003622_add_table_unit',1),(39,'2023_06_24_005216_add_field_unit_id_in_transaction',1),(40,'2023_06_25_003341_change_status_data_type',2),(41,'2023_06_25_003613_change_datatype_transaction_status',3),(42,'2023_06_25_070623_create_beneficiary_table',4),(45,'2023_06_25_081524_fund_distribution',5),(50,'2023_07_02_025218_create_proof_transaction_table',6),(51,'2023_07_02_120316_add_field_leader_in_schedule',6),(52,'2023_07_08_032140_add_field_invoice_expired',7);
/*!40000 ALTER TABLE `migrations` ENABLE KEYS */;
UNLOCK TABLES;

--
-- Table structure for table `password_resets`
--

DROP TABLE IF EXISTS `password_resets`;
/*!40101 SET @saved_cs_client     = @@character_set_client */;
/*!50503 SET character_set_client = utf8mb4 */;
CREATE TABLE `password_resets` (
  `email` varchar(255) COLLATE utf8mb4_unicode_ci NOT NULL,
  `token` varchar(255) COLLATE utf8mb4_unicode_ci NOT NULL,
  `created_at` timestamp NULL DEFAULT NULL,
  KEY `password_resets_email_index` (`email`)
) ENGINE=InnoDB DEFAULT CHARSET=utf8mb4 COLLATE=utf8mb4_unicode_ci;
/*!40101 SET character_set_client = @saved_cs_client */;

--
-- Dumping data for table `password_resets`
--

LOCK TABLES `password_resets` WRITE;
/*!40000 ALTER TABLE `password_resets` DISABLE KEYS */;
/*!40000 ALTER TABLE `password_resets` ENABLE KEYS */;
UNLOCK TABLES;

--
-- Table structure for table `payment_type`
--

DROP TABLE IF EXISTS `payment_type`;
/*!40101 SET @saved_cs_client     = @@character_set_client */;
/*!50503 SET character_set_client = utf8mb4 */;
CREATE TABLE `payment_type` (
  `id` int unsigned NOT NULL AUTO_INCREMENT,
  `name` varchar(100) COLLATE utf8mb4_unicode_ci NOT NULL,
  `id_parent` tinyint NOT NULL DEFAULT '0',
  `value` varchar(20) COLLATE utf8mb4_unicode_ci NOT NULL,
  `payment_logo` varchar(200) COLLATE utf8mb4_unicode_ci NOT NULL,
  `expired_time` tinyint NOT NULL DEFAULT '0',
  `status` int NOT NULL,
  `created_at` timestamp NULL DEFAULT NULL,
  `updated_at` timestamp NULL DEFAULT NULL,
  PRIMARY KEY (`id`)
) ENGINE=InnoDB AUTO_INCREMENT=32 DEFAULT CHARSET=utf8mb4 COLLATE=utf8mb4_unicode_ci;
/*!40101 SET character_set_client = @saved_cs_client */;

--
-- Dumping data for table `payment_type`
--

LOCK TABLES `payment_type` WRITE;
/*!40000 ALTER TABLE `payment_type` DISABLE KEYS */;
INSERT INTO `payment_type` VALUES (22,'Online Payment',0,'online_payment','online_payment.jpeg',10,3,'2023-06-24 18:26:14','2023-06-24 18:26:14'),(23,'Manual Payment',0,'manual_payment','manual_payment.jpeg',10,3,'2023-06-24 18:26:14','2023-06-24 18:26:14'),(24,'Virtual Account',0,'virtual_account','online_virtual_account_payment.jpeg',10,3,'2023-06-24 18:26:14','2023-06-24 18:26:14'),(25,'Gopay',22,'gopay','gopay.png',100,3,'2023-06-24 18:26:14','2023-06-24 18:26:14'),(26,'Shopee Pay',22,'shopeepay','shopeepay.png',100,3,'2023-06-24 18:26:14','2023-06-24 18:26:14'),(27,'Transfer Manual',23,'manual_payment','atm_transfer.jpeg',0,3,'2023-06-24 18:26:14','2023-06-24 18:29:08'),(28,'Cash',23,'manual_payment','cash.jpeg',100,3,'2023-06-24 18:26:14','2023-06-24 18:26:14'),(29,'Virtual Account BCA',24,'bca_va','bca.png',100,3,'2023-06-24 18:26:14','2023-06-25 08:57:50'),(30,'Virtual Account BNI',24,'bni_va','bni.png',100,3,'2023-06-24 18:26:14','2023-06-24 18:26:14'),(31,'Permata VA',24,'permata_va','permata.jpeg',100,3,'2023-06-24 18:26:14','2023-06-24 18:26:14');
/*!40000 ALTER TABLE `payment_type` ENABLE KEYS */;
UNLOCK TABLES;

--
-- Table structure for table `permission`
--

DROP TABLE IF EXISTS `permission`;
/*!40101 SET @saved_cs_client     = @@character_set_client */;
/*!50503 SET character_set_client = utf8mb4 */;
CREATE TABLE `permission` (
  `id` bigint unsigned NOT NULL AUTO_INCREMENT,
  `name` varchar(100) COLLATE utf8mb4_unicode_ci NOT NULL,
  `url` varchar(100) COLLATE utf8mb4_unicode_ci NOT NULL,
  `alias` varchar(100) COLLATE utf8mb4_unicode_ci NOT NULL,
  `icon` text COLLATE utf8mb4_unicode_ci NOT NULL,
  `created_at` timestamp NULL DEFAULT NULL,
  `updated_at` timestamp NULL DEFAULT NULL,
  PRIMARY KEY (`id`)
) ENGINE=InnoDB AUTO_INCREMENT=122 DEFAULT CHARSET=utf8mb4 COLLATE=utf8mb4_unicode_ci;
/*!40101 SET character_set_client = @saved_cs_client */;

--
-- Dumping data for table `permission`
--

LOCK TABLES `permission` WRITE;
/*!40000 ALTER TABLE `permission` DISABLE KEYS */;
INSERT INTO `permission` VALUES (85,'Lihat Dashboard','admin','view_dashboard','example.svg','2023-06-24 18:26:14','2023-06-24 18:26:14'),(86,'Lihat banner','heroes.index','view_banner','example.svg','2023-06-24 18:26:14','2023-06-24 18:26:14'),(87,'Buat banner','heroes.create.form','create_banner','example.svg','2023-06-24 18:26:14','2023-06-24 18:26:14'),(88,'Update banner','heroes.update.form','update_banner','example.svg','2023-06-24 18:26:14','2023-06-24 18:26:14'),(89,'Urutkan banner','heroes.update.form','order_banner','example.svg','2023-06-24 18:26:14','2023-06-24 18:26:14'),(90,'Lihat buletin','post.index','view_post','example.svg','2023-06-24 18:26:14','2023-06-24 18:26:14'),(91,'Buat buletin','post.create.form','create_post','example.svg','2023-06-24 18:26:14','2023-06-24 18:26:14'),(92,'Update buletin','post.update.form','update_post','example.svg','2023-06-24 18:26:14','2023-06-24 18:26:14'),(93,'Lihat struktur organisasi','structure.index','view_structure','example.svg','2023-06-24 18:26:14','2023-06-24 18:26:14'),(94,'Buat struktur organisasi','structure.create.form','create_structure','example.svg','2023-06-24 18:26:14','2023-06-24 18:26:14'),(95,'Update struktur organisasi','structure.update.form','update_structure','example.svg','2023-06-24 18:26:14','2023-06-24 18:26:14'),(96,'Lihat jenis kegiatan','activity.type.index','view_activity','example.svg','2023-06-24 18:26:14','2023-06-24 18:26:14'),(97,'Buat jenis kegiatan','activity.type.create.form','create_activity','example.svg','2023-06-24 18:26:14','2023-06-24 18:26:14'),(98,'Update jenis kegiatan','activity.type.update.form','update_activity','example.svg','2023-06-24 18:26:14','2023-06-24 18:26:14'),(99,'Atur jadwal kegiatan','activity.schedule.index','manage_schedule','example.svg','2023-06-24 18:26:14','2023-06-24 18:26:14'),(100,'Lihat jenis transaksi','transaction.type.index','view_transaction_type','example.svg','2023-06-24 18:26:14','2023-06-24 18:26:14'),(101,'Buat jenis transaksi','transaction.type.create.form','create_transaction_type','example.svg','2023-06-24 18:26:14','2023-06-24 18:26:14'),(102,'Update jenis transaksi','transaction.type.update.form','update_transaction_type','example.svg','2023-06-24 18:26:14','2023-06-24 18:26:14'),(103,'Lihat jenis pembayaran','payment.index','view_payment','example.svg','2023-06-24 18:26:14','2023-06-24 18:26:14'),(104,'Buat jenis pembayaran','payment.create.form','create_payment','example.svg','2023-06-24 18:26:14','2023-06-24 18:26:14'),(105,'Update jenis pembayaran','payment.update.form','update_payment','example.svg','2023-06-24 18:26:14','2023-06-24 18:26:14'),(106,'Lihat transaksi','transaction.index','view_transaction','example.svg','2023-06-24 18:26:14','2023-06-24 18:26:14'),(107,'Lihat hak akses','permission.index','view_permission','example.svg','2023-06-24 18:26:14','2023-06-24 18:26:14'),(108,'Buat hak akses','permission.create.form','create_permission','example.svg','2023-06-24 18:26:14','2023-06-24 18:26:14'),(109,'Update hak akses','permission.update.form','update_permission','example.svg','2023-06-24 18:26:14','2023-06-24 18:26:14'),(110,'Lihat jenis pengguna','roles.index','view_roles','example.svg','2023-06-24 18:26:14','2023-06-24 18:26:14'),(111,'Buat jenis pengguna','roles.create.form','create_roles','example.svg','2023-06-24 18:26:14','2023-06-24 18:26:14'),(112,'Update jenis pengguna','roles.update.form','update_roles','example.svg','2023-06-24 18:26:14','2023-06-24 18:26:14'),(113,'Lihat pengguna','user.index','view_user','example.svg','2023-06-24 18:26:14','2023-06-24 18:26:14'),(114,'Buat pengguna','user.create.form','create_user','example.svg','2023-06-24 18:26:14','2023-06-24 18:26:14'),(115,'Update pengguna','user.update.form','update_user','example.svg','2023-06-24 18:26:14','2023-06-24 18:26:14'),(116,'Lihat report','view.report','view_report','asd','2023-06-25 00:00:57','2023-06-25 00:02:44'),(117,'Lihat distribusi dana','distribution.index','view_distribution','asd','2023-06-25 01:39:08','2023-06-25 01:39:08'),(118,'Approve transaction','transaction.admin.approve','approve_transaction','example.png','2023-07-01 06:30:34','2023-07-01 06:31:12'),(119,'Update distribusi dana','distribution.update.form','update_distribution','asdasd','2023-07-01 06:37:27','2023-07-01 06:37:27'),(120,'Buat distribusi dana','distribution.create','create_distribution','asdasd','2023-07-01 06:49:36','2023-07-01 06:49:36'),(121,'Manage bukti transaksi','transaction.proof','proof_transaction','asd.svg','2023-07-01 19:28:28','2023-07-01 19:28:28');
/*!40000 ALTER TABLE `permission` ENABLE KEYS */;
UNLOCK TABLES;

--
-- Table structure for table `personal_access_tokens`
--

DROP TABLE IF EXISTS `personal_access_tokens`;
/*!40101 SET @saved_cs_client     = @@character_set_client */;
/*!50503 SET character_set_client = utf8mb4 */;
CREATE TABLE `personal_access_tokens` (
  `id` bigint unsigned NOT NULL AUTO_INCREMENT,
  `tokenable_type` varchar(255) COLLATE utf8mb4_unicode_ci NOT NULL,
  `tokenable_id` bigint unsigned NOT NULL,
  `name` varchar(255) COLLATE utf8mb4_unicode_ci NOT NULL,
  `token` varchar(64) COLLATE utf8mb4_unicode_ci NOT NULL,
  `abilities` text COLLATE utf8mb4_unicode_ci,
  `last_used_at` timestamp NULL DEFAULT NULL,
  `created_at` timestamp NULL DEFAULT NULL,
  `updated_at` timestamp NULL DEFAULT NULL,
  PRIMARY KEY (`id`),
  UNIQUE KEY `personal_access_tokens_token_unique` (`token`),
  KEY `personal_access_tokens_tokenable_type_tokenable_id_index` (`tokenable_type`,`tokenable_id`)
) ENGINE=InnoDB DEFAULT CHARSET=utf8mb4 COLLATE=utf8mb4_unicode_ci;
/*!40101 SET character_set_client = @saved_cs_client */;

--
-- Dumping data for table `personal_access_tokens`
--

LOCK TABLES `personal_access_tokens` WRITE;
/*!40000 ALTER TABLE `personal_access_tokens` DISABLE KEYS */;
/*!40000 ALTER TABLE `personal_access_tokens` ENABLE KEYS */;
UNLOCK TABLES;

--
-- Table structure for table `post`
--

DROP TABLE IF EXISTS `post`;
/*!40101 SET @saved_cs_client     = @@character_set_client */;
/*!50503 SET character_set_client = utf8mb4 */;
CREATE TABLE `post` (
  `id` int unsigned NOT NULL AUTO_INCREMENT,
  `title` varchar(100) COLLATE utf8mb4_unicode_ci NOT NULL,
  `category` varchar(10) COLLATE utf8mb4_unicode_ci NOT NULL,
  `content` text COLLATE utf8mb4_unicode_ci NOT NULL,
  `banner` varchar(100) COLLATE utf8mb4_unicode_ci DEFAULT NULL,
  `status` int NOT NULL DEFAULT '2',
  `user_id` bigint unsigned NOT NULL,
  `created_at` timestamp NULL DEFAULT NULL,
  `updated_at` timestamp NULL DEFAULT NULL,
  PRIMARY KEY (`id`),
  KEY `post_user_id_foreign` (`user_id`),
  CONSTRAINT `post_user_id_foreign` FOREIGN KEY (`user_id`) REFERENCES `users` (`id`)
) ENGINE=InnoDB AUTO_INCREMENT=4 DEFAULT CHARSET=utf8mb4 COLLATE=utf8mb4_unicode_ci;
/*!40101 SET character_set_client = @saved_cs_client */;

--
-- Dumping data for table `post`
--

LOCK TABLES `post` WRITE;
/*!40000 ALTER TABLE `post` DISABLE KEYS */;
INSERT INTO `post` VALUES (1,'BAZNAS Sambut Perayaan Idul Adha Lewat Istighosah Nasional','2','&lt;p&gt;&lt;span style=&quot;font-size: medium;&quot;&gt;Badan Amil Zakat Nasional (BAZNAS) menyambut perayaan Idul Adha 1444 H dengan menyelenggarakan Istighosah Nasional yang dihadiri oleh BAZNAS Provinsi/Kota/Kabupaten, dan siswa siswi Sekolah Cendekia BAZNAS.&amp;nbsp;&lt;/span&gt;&lt;/p&gt;\r\n&lt;p&gt;Acara yang diselenggarakan secara hybrid, Jumat (23/6/2023, &amp;nbsp;turut dihadiri oleh Ketua BAZNAS RI Prof. Dr. KH Noor Achmad MA, Wakil Ketua BAZNAS RI, H. Mokhamad Mahdum, SE., MIDEc., Ak., CA., CPA., CWM, &amp;nbsp;Pimpinan BAZNAS RI KH. Achmad Sudrajat Lc. MA, Saidah Sakwan MA, Deputi I BAZNAS RI M. Arifin Purwakananta, serta K.H Misbahul Munir Kholil MA.&amp;nbsp;&lt;/p&gt;\r\n&lt;p&gt;Dalam sambutannya, Ketua BAZNAS RI Prof. Dr. KH Noor Achmad MA menyampaikan, kegiatan istighosah nasional &amp;nbsp;&quot;Menuju Puncak Haji Menyambut Hari Raya Idul Adha&quot; ini merupakan bentuk syiar zakat dan kebermanfaatan ibadah kurban serta menyebarkan dakwah Islam yang Rahmatan Lil Alamin.&amp;nbsp;&lt;/p&gt;\r\n&lt;p&gt;&quot;Wukuf Arafah bagi BAZNAS juga merupakan suatu puncak juga karena kita akan memasuki hari Idul Adha dan hari Tasyrik di mana insya Allah kita juga dipercaya oleh masyarakat dipercaya oleh negara untuk mengelola hewan-hewan kurban,&quot; ujar Kiai Noor yang sedang berada di Tanah Suci.&amp;nbsp;&lt;/p&gt;\r\n&lt;p&gt;Kiai Noor menjelaskan, potensi yang dihitung di seluruh Indonesia, baik itu BAZNAS Provinsi/Kota/Kabupaten, semua LAZ dan masyarakat, potensi kurban nasional mencapai Rp13 triliun.&lt;/p&gt;\r\n&lt;p&gt;&quot;Oleh karena itu kita maksimalkan, kita mempunyai tanggung jawab besar yaitu juga dipercaya oleh pemerintah untuk bersama-sama ikut mengentaskan kemiskinan ekstrem dan stunting. Insya Allah tahun ini kita akan mulai mengelola dam petugas jemaah haji yang akan disembelih di sini (Tanah Suci) tetapi pendistribusiannya untuk masyarakat Indonesia,&quot; ujarnya.&amp;nbsp;&lt;/p&gt;\r\n&lt;p&gt;Sementara itu, Pimpinan BAZNAS RI KH. Achmad Sudrajat Lc. MA mengatakan, BAZNAS sebagai lembaga pemerintah non struktural selalu melakukan upaya-upaya komunikasi dengan seluruh masyarakat, stakeholder dan pihak-pihak lainnya, terutama di bulan ini karena momennya adalah bulan haji dan saat ini jemaah haji di sana sedang bersiap untuk melaksanakan wukuf di arafah yang mana di sana ada saat-saat yang diijabah, maka kami BAZNAS pun di sini menggelar istighosah nasional.&lt;/p&gt;\r\n&lt;p&gt;&quot;Kita berharap dengan doa-doa dan istighosah yang kita lantunkan bersama para amilin amilat seluruh Indonesia akan mempercepat semua niat baik akan dikabulkan oleh Allah SWT,&quot; kata Achmad.&amp;nbsp;&lt;/p&gt;\r\n&lt;p&gt;Dia menambahkan, kegiatan ini juga menjadi literasi kepada masyarakat bahwa BAZNAS juga melakukan fundrising untuk kurban dan akan disalurkan kepada masyarakat di seluruh Indonesia.&amp;nbsp;&lt;/p&gt;\r\n&lt;p&gt;Dalam kesempatan yang sama, &amp;nbsp;K.H Misbahul Munir Kholil MA menyampaikan apresiasi atas terselenggaranya istighosah nasional ini. &quot;Ini kegiatan yang sangat luar biasa inisiatif dari BAZNAS, karena bagaimanapun juga para jemaah haji, orang-orang yang melaksanakan haji itu membutuhkan dukungan moril, dukungan doa dari Indonesia, maka ini mengingatkan kepada para jamaah agar bersama-sama mendoakan juga kepada bangsa Indonesia, dan kita di Indonesia ini mendoakan mereka.&quot;&lt;/p&gt;\r\n&lt;p&gt;Menurutnya, tradisi semacam ini perlu ditingkatkan oleh BAZNAS karena bagaimanapun juga para muzaki dan mustahik termasuk juga amilin dan semua orang yang berproses dalam program-program BAZNAS ini akan mendapatkan keberkahan daripada doa itu.&lt;/p&gt;','1687675673.jpeg',1,14,'2023-06-24 23:47:53','2023-07-07 16:18:34'),(2,'BAZNAS Bersama IDF MUI Salurkan Dana Sedekah Konsumen Alfamidi','1','&lt;p&gt;&lt;span style=&quot;font-size: medium;&quot;&gt;Badan Amil Zakat Nasional (BAZNAS) RI berkolaborasi dengan PT. Alfamidi Tbk dan Islamic Dakwah Fund Majelis Ulama Indonesia (IDF MUI) dalam program Dana Sedekah Kemanusiaan konsumen Alfamidi.&amp;nbsp;&lt;/span&gt;&lt;/p&gt;\r\n&lt;p&gt;Adapun bantuan yang akan disalurkan yaitu dana sedekah atau donasi konsumen Alfamidi periode September-Desember 2022 sebesar Rp1.173.304.803. Dana sedekah kemanusiaan tersebut akan disalurkan kepada masyarakat yang membutuhkan melalui program-program kerja sama antara BAZNAS RI dan MUI di bidang kemanusiaan, pendidikan dan dakwah.&lt;/p&gt;\r\n&lt;p&gt;Acara Seremonial Penyaluran Donasi konsumen Alfamidi melalui IDF MUI ini digelar pada Kamis (22/6/2023), di Kantor BAZNAS RI, Jakarta Timur. Turut hadir Deputi II Bidang Pendistribusian dan Pendayagunaan BAZNAS RI, Dr. H. M. Imdadun Rahmat M.Si, Bendahara Umum MUI Pusat dan Ketua IDF MUI H. Misbahul Ulum M.Si, Wakil Ketua IDF MUI H. Nurrohman, Bendahara MUI H. Jojo Sutisa, Sekretaris IDF MUI H. Ari Eko Purwanto serta jajaran terkait.&amp;nbsp;&lt;/p&gt;\r\n&lt;p&gt;Deputi II Bidang Pendistribusian dan Pendayagunaan BAZNAS RI, Dr. H. M. Imdadun Rahmat M.Si menyampaikan, acara ini menjadi kick off atau tanda dimulainya pelaksanaan program-program dan implementasi dari penyaluran dana donasi atau sedekah dari konsumen Alfamidi melalui IDF MUI.&amp;nbsp;&lt;/p&gt;\r\n&lt;p&gt;&quot;Ahlan wa sahlan untuk bekerja sama dengan tim BAZNAS dalam mengimplementasikan sebaik-baiknya titipan dari para konsumen Alfamidi ini. Sebelumnya Alfamidi bekerja sama langsung dengan mitra-mitranya tanpa melalui BAZNAS tapi kemudian Alfamidi juga Alfamart datang ke kantor ini menemui pimpinan kami dan meminta agar BAZNAS menjadi wasilah atau perantara dalam kerja sama ini,&quot; ucapnya.&lt;/p&gt;\r\n&lt;p&gt;&quot;Kami menyambut niat baik ini karena memang ini adalah mandatnya BAZNAS yang tidak boleh ditolak sesuai dengan undang-undang, untuk memajukan dana Zakat, Infak, Sedekah dan Dana Sosial Keagamaan Lainnya (DSKL) di Indonesia,&quot; tambahnya.&lt;/p&gt;\r\n&lt;p&gt;Dia menjelaskan, BAZNAS memiliki program pemberdayaan ekonomi untuk masyarakat kecil, serta bantuan langsung baik itu untuk kebutuhan bahan pokok maupun melalui prgoram beasiswa.&amp;nbsp;&lt;/p&gt;\r\n&lt;p&gt;&quot;Selama ini, BAZNAS telah memiliki program ekonomi yang bertujuan mentransformasikan mustahik menjadi muzaki, melalui dana zakat, infak, dan sedekah yang disalurkan masyarakat melalui BAZNAS. Misalnya, program 1.000 ZChicken yang sedang digalakkan di seluruh Pulau Jawa,&quot; kata Imdadun.&amp;nbsp;&lt;/p&gt;\r\n&lt;p&gt;Imdadun menyampaikan, BAZNAS juga memiliki program Z-Auto, ZMart, Zakat Community Development, Balai Ternak BAZNAS, dan lainnya.&amp;nbsp;&lt;/p&gt;\r\n&lt;p&gt;&quot;Kami juga akan memastikan penyaluran bantuan kerja sama dengan IDF MUI ini dapat tepat sasaran, serta meningkatkan kesejahteraan mustahik. Semoga niat baik kita semua selalu diberi kelancaran,&quot; ujar Imdadun.&amp;nbsp;&lt;/p&gt;\r\n&lt;p&gt;Sementara itu, Bendahara Umum MUI Pusat dan Ketua IDF MUI H. Misbahul Ulum M.Si menyebut pihaknya merasa senang dapat bekerja sama dengan BAZNAS, karena dengan didampingi oleh BAZNAS dapat menambah kepercayaan publik dan akuntabilitas program-program IDF MUI.&amp;nbsp;&lt;/p&gt;\r\n&lt;p&gt;&quot;Karena yang namanya filantropi itu masalah kepercayaan, jadi semakin banyak yang mengoreksi dan mengawasi kami, kami menjadi lebih tenang, apalagi oleh lembaga resmi pemerintah seperti BAZNAS,&quot; katanya.&amp;nbsp;&lt;/p&gt;\r\n&lt;p&gt;&quot;Dana ini dikumpulkan dari uang kecil, ini menunjukkan sebetulnya masyarakat Indonesia itu tidak pelit, yang penting itu masalah kepercayaan. Ketika masyarakat Indonesia percaya, seratus dua ratus rupiah yang dikumpulkan itu dalam dua bulan bisa jadi miliaran, dan itu kalau memang pemanfaatannya tepat guna, betapa manfaatnya dari uang-uang kembalian itu kepada masyarakat yang membutuhkan,&quot; tambah Misbahul Ulum.&lt;/p&gt;\r\n&lt;p&gt;Dia juga mengucapkan terima kasih kepada BAZNAS yang telah memfasilitasi, menjadi pengawas atau menjadi lembaga perantara antara kerja sama IDF MUI dengan Alfamidi. &quot;Semoga dengan kerja sama segitiga semacam ini semakin banyak yang ingin bekerja sama dengan kita untuk menyalurkan dana ZIS-DSKL.&quot;&lt;/p&gt;','1687675721.jpeg',1,14,'2023-06-24 23:48:41','2023-07-07 13:37:58'),(3,'Pimpinan BAZNAS RI Saidah Sakwan Raih Penghargaan Tokoh Wanita Penggerak Zakat','1','&lt;p&gt;&lt;span style=&quot;font-size: medium;&quot;&gt;Pimpinan Badan Amil Zakat Nasional (BAZNAS) RI Bidang Pendistribusian dan Pendayagunaan, Saidah Sakwan, MA memperoleh Penghargaan sebagai Tokoh Wanita Penggerak Zakat dalam Anugerah Masyarakat Cerdas dan Inspiratif 2023 Republika, yang diselenggarakan oleh Republika dan Huawei di Masjid Raya Pondok Indah, Jakarta Selatan, Kamis (22/6/2023).&lt;/span&gt;&lt;/p&gt;\r\n&lt;p&gt;Award ini diberikan bersamaan dengan penyelenggaraan Panel Diskusi Bertajuk I Do Care Berbagi Kurban Untuk Negeri &quot;Mewujudkan Masyarakat Cerdas Untuk Mempercepat Pertumbuhan Ekonomi Digital Syariah&quot;.&lt;/p&gt;\r\n&lt;p&gt;Turut hadir Wakil Ketua BAZNAS RI, H. Mokhamad Mahdum, SE., MIDEc., Ak., CA., CPA., CWM; Deputi IV (Ekonomi Digital, Ketenagakerjaan, dan Usaha Mikro, Kecil, dan Menengah) Menteri Koordinator Bidang Perekonomian RI, Dr. Ir. Mohammad Rudy Salahuddin, MEM; Vice President Huawei Indonesia James Sun, serta Pemimpin Redaksi Republika, Irfan Junaidi.&amp;nbsp;&lt;/p&gt;\r\n&lt;p&gt;&quot;Saya mengucapkan terima kasih atas apresiasi yang diberikan Republika. Award ini memang menjadi keistimewaan untuk saya, tetapi juga yang penting adalah tanggung jawab sebagai perempuan yang bergerak dalam dakwah zakat,&quot; ujar Saidah.&amp;nbsp;&lt;/p&gt;\r\n&lt;p&gt;Menurutnya, dakwah zakat ini juga harus terus diupayakan agar banyak perempuan di Indonesia yang mendapatkan manfaat dari zakat.&amp;nbsp;&lt;/p&gt;\r\n&lt;p&gt;&quot;Jadi masih banyak kaum mustahik yang hari ini mayoritas perempuan, yang hari ini banyak perempuan yang tidak memiliki akses pendidikan, tidak berusaha dengan baik karena kekurangan modal, ini adalah perempuan-perempuan yang harus kita bantu,&quot; tambahnya.&amp;nbsp;&lt;/p&gt;\r\n&lt;p&gt;Saidah mengatakan, penghargaan ini mendorongnya untuk memikul tanggung jawab secara baik supaya semua perempuan di Indonesia mendapatkan kualitas kehidupan terbaiknya, baik dari sisi &amp;nbsp;pendidikan, kesehatan, hingga dari sisi sosial keagamaan.&amp;nbsp;&lt;/p&gt;\r\n&lt;p&gt;Sementara itu, Pemimpin Redaksi Republika Irfan Junaidi mengatakan, Anugerah Masyarakat Cerdas dan Inspiratif 2023 Republika ini merupakan penghargaan kepada para pahlawan yang mungkin tidak terlihat, tetapi sebetulnya di hati masyarakat itu adalah inspirasi. &quot;Bergerak secara senyap, bergerak diam-diam tetapi memberikan dampak yang luar biasa bagi masyarakat dan itu bisa menjadi inspirasi.&quot;&lt;/p&gt;','1687675776.jpeg',1,14,'2023-06-24 23:49:36','2023-07-07 13:38:07');
/*!40000 ALTER TABLE `post` ENABLE KEYS */;
UNLOCK TABLES;

--
-- Table structure for table `proof_transaction`
--

DROP TABLE IF EXISTS `proof_transaction`;
/*!40101 SET @saved_cs_client     = @@character_set_client */;
/*!50503 SET character_set_client = utf8mb4 */;
CREATE TABLE `proof_transaction` (
  `id` bigint unsigned NOT NULL AUTO_INCREMENT,
  `transaction_id` bigint unsigned NOT NULL,
  `uploaded_by` bigint unsigned NOT NULL,
  `image` varchar(255) COLLATE utf8mb4_unicode_ci NOT NULL,
  `created_at` timestamp NULL DEFAULT NULL,
  `updated_at` timestamp NULL DEFAULT NULL,
  PRIMARY KEY (`id`),
  KEY `proof_transaction_transaction_id_foreign` (`transaction_id`),
  KEY `proof_transaction_uploaded_by_foreign` (`uploaded_by`),
  CONSTRAINT `proof_transaction_transaction_id_foreign` FOREIGN KEY (`transaction_id`) REFERENCES `transaction` (`id`),
  CONSTRAINT `proof_transaction_uploaded_by_foreign` FOREIGN KEY (`uploaded_by`) REFERENCES `users` (`id`)
) ENGINE=InnoDB DEFAULT CHARSET=utf8mb4 COLLATE=utf8mb4_unicode_ci;
/*!40101 SET character_set_client = @saved_cs_client */;

--
-- Dumping data for table `proof_transaction`
--

LOCK TABLES `proof_transaction` WRITE;
/*!40000 ALTER TABLE `proof_transaction` DISABLE KEYS */;
/*!40000 ALTER TABLE `proof_transaction` ENABLE KEYS */;
UNLOCK TABLES;

--
-- Table structure for table `roles`
--

DROP TABLE IF EXISTS `roles`;
/*!40101 SET @saved_cs_client     = @@character_set_client */;
/*!50503 SET character_set_client = utf8mb4 */;
CREATE TABLE `roles` (
  `id` bigint unsigned NOT NULL AUTO_INCREMENT,
  `name` varchar(100) COLLATE utf8mb4_unicode_ci NOT NULL,
  `permission` varchar(255) COLLATE utf8mb4_unicode_ci NOT NULL,
  `status` tinyint(1) NOT NULL,
  `created_at` timestamp NULL DEFAULT NULL,
  `updated_at` timestamp NULL DEFAULT NULL,
  PRIMARY KEY (`id`)
) ENGINE=InnoDB AUTO_INCREMENT=6 DEFAULT CHARSET=utf8mb4 COLLATE=utf8mb4_unicode_ci;
/*!40101 SET character_set_client = @saved_cs_client */;

--
-- Dumping data for table `roles`
--

LOCK TABLES `roles` WRITE;
/*!40000 ALTER TABLE `roles` DISABLE KEYS */;
INSERT INTO `roles` VALUES (4,'Administrator','85,86,87,88,89,90,91,92,93,94,95,96,97,98,99,100,101,102,103,104,105,106,107,108,109,110,111,112,113,114,115,116,117,118,119,120,121',1,'2023-06-24 18:26:14','2023-07-02 01:17:55'),(5,'Bendahara','85,86,87,88,89,106,117,119,120,121',1,'2023-07-01 06:43:30','2023-07-01 19:28:48');
/*!40000 ALTER TABLE `roles` ENABLE KEYS */;
UNLOCK TABLES;

--
-- Table structure for table `schedules`
--

DROP TABLE IF EXISTS `schedules`;
/*!40101 SET @saved_cs_client     = @@character_set_client */;
/*!50503 SET character_set_client = utf8mb4 */;
CREATE TABLE `schedules` (
  `id` bigint unsigned NOT NULL AUTO_INCREMENT,
  `activity_id` int unsigned NOT NULL,
  `scheduled_date` date NOT NULL,
  `scheduled_start_time` varchar(255) COLLATE utf8mb4_unicode_ci NOT NULL,
  `scheduled_end_time` varchar(255) COLLATE utf8mb4_unicode_ci NOT NULL,
  `created_at` timestamp NULL DEFAULT NULL,
  `updated_at` timestamp NULL DEFAULT NULL,
  `leader` varchar(100) COLLATE utf8mb4_unicode_ci DEFAULT NULL,
  PRIMARY KEY (`id`),
  KEY `schedules_activity_id_foreign` (`activity_id`),
  CONSTRAINT `schedules_activity_id_foreign` FOREIGN KEY (`activity_id`) REFERENCES `activity` (`id`)
) ENGINE=InnoDB AUTO_INCREMENT=123 DEFAULT CHARSET=utf8mb4 COLLATE=utf8mb4_unicode_ci;
/*!40101 SET character_set_client = @saved_cs_client */;

--
-- Dumping data for table `schedules`
--

LOCK TABLES `schedules` WRITE;
/*!40000 ALTER TABLE `schedules` DISABLE KEYS */;
/*!40000 ALTER TABLE `schedules` ENABLE KEYS */;
UNLOCK TABLES;

--
-- Table structure for table `structure`
--

DROP TABLE IF EXISTS `structure`;
/*!40101 SET @saved_cs_client     = @@character_set_client */;
/*!50503 SET character_set_client = utf8mb4 */;
CREATE TABLE `structure` (
  `id` int unsigned NOT NULL AUTO_INCREMENT,
  `name` varchar(100) COLLATE utf8mb4_unicode_ci NOT NULL,
  `title` varchar(100) COLLATE utf8mb4_unicode_ci NOT NULL,
  `avatar` varchar(50) COLLATE utf8mb4_unicode_ci DEFAULT NULL,
  `id_parent` tinyint NOT NULL DEFAULT '0',
  `created_at` timestamp NULL DEFAULT NULL,
  `updated_at` timestamp NULL DEFAULT NULL,
  PRIMARY KEY (`id`)
) ENGINE=InnoDB AUTO_INCREMENT=4 DEFAULT CHARSET=utf8mb4 COLLATE=utf8mb4_unicode_ci;
/*!40101 SET character_set_client = @saved_cs_client */;

--
-- Dumping data for table `structure`
--

LOCK TABLES `structure` WRITE;
/*!40000 ALTER TABLE `structure` DISABLE KEYS */;
INSERT INTO `structure` VALUES (1,'Ahmad haidar albaqir','Ketua DKM','1688758632.webp',0,'2023-07-07 12:37:12','2023-07-07 12:37:27'),(2,'Hasan Maulana','Bendahara','1688758677.webp',1,'2023-07-07 12:37:57','2023-07-07 12:37:57'),(3,'Muhammad Kemal Qodrat','Marbot','1688758695.webp',0,'2023-07-07 12:38:15','2023-07-07 12:38:15');
/*!40000 ALTER TABLE `structure` ENABLE KEYS */;
UNLOCK TABLES;

--
-- Table structure for table `transaction`
--

DROP TABLE IF EXISTS `transaction`;
/*!40101 SET @saved_cs_client     = @@character_set_client */;
/*!50503 SET character_set_client = utf8mb4 */;
CREATE TABLE `transaction` (
  `id` bigint unsigned NOT NULL AUTO_INCREMENT,
  `id_transaction_type` int unsigned NOT NULL,
  `order_id` varchar(100) CHARACTER SET utf8mb4 COLLATE utf8mb4_unicode_ci NOT NULL,
  `id_payment_type` int unsigned DEFAULT NULL,
  `paid_amount` int DEFAULT NULL,
  `va_number` int DEFAULT NULL,
  `transaction_status` int NOT NULL,
  `redirect_payment` varchar(255) COLLATE utf8mb4_unicode_ci DEFAULT NULL,
  `user_id` bigint unsigned DEFAULT NULL,
  `created_at` timestamp NULL DEFAULT NULL,
  `updated_at` timestamp NULL DEFAULT NULL,
  `snap_token` varchar(100) COLLATE utf8mb4_unicode_ci NOT NULL DEFAULT '',
  `settlement_datetime` datetime DEFAULT NULL,
  `unit_id` int unsigned NOT NULL DEFAULT '1',
  `invoice_expired` int NOT NULL DEFAULT '0',
  PRIMARY KEY (`id`),
  KEY `transaction_id_transaction_type_foreign` (`id_transaction_type`),
  KEY `transaction_user_id_foreign` (`user_id`),
  KEY `transaction_unit_id_foreign` (`unit_id`),
  CONSTRAINT `transaction_id_transaction_type_foreign` FOREIGN KEY (`id_transaction_type`) REFERENCES `transaction_type` (`id`),
  CONSTRAINT `transaction_unit_id_foreign` FOREIGN KEY (`unit_id`) REFERENCES `unit` (`id`),
  CONSTRAINT `transaction_user_id_foreign` FOREIGN KEY (`user_id`) REFERENCES `users` (`id`)
) ENGINE=InnoDB AUTO_INCREMENT=27 DEFAULT CHARSET=utf8mb4 COLLATE=utf8mb4_unicode_ci;
/*!40101 SET character_set_client = @saved_cs_client */;

--
-- Dumping data for table `transaction`
--

LOCK TABLES `transaction` WRITE;
/*!40000 ALTER TABLE `transaction` DISABLE KEYS */;
INSERT INTO `transaction` VALUES (4,15,'1a90e5c8-4b91-413d-a18a-8d6033ed96cb',27,1000000,NULL,3,NULL,14,'2023-06-24 20:54:41','2023-06-25 02:43:15','',NULL,11,0),(9,15,'9b865619-0d85-4502-a11e-ecbb534fe047',28,-10000,NULL,6,NULL,14,'2023-06-25 05:00:54','2023-06-25 06:47:48','',NULL,11,0),(10,14,'a7bb47ce-3dee-4a98-b998-bb1eefcd3ff3',28,10000,NULL,3,NULL,14,'2023-06-25 07:15:26','2023-07-01 06:33:16','',NULL,14,0),(14,14,'a45982df-c2e3-4b39-89f5-ba963d4bcbe8',29,10000,NULL,3,NULL,NULL,'2023-06-25 08:47:27','2023-06-25 08:57:57','ee0f02ad-14b8-4ff7-8d65-6da5829cb75d',NULL,11,0),(15,14,'76230c50-cd06-485d-bcef-0328fd14e63b',29,10000,NULL,1,NULL,NULL,'2023-06-25 08:58:30','2023-06-25 08:58:46','f8187fce-d3a4-463f-8343-a74995e333b2',NULL,11,0),(16,14,'c37ab850-230c-47da-966a-39218995cfc0',27,-10000,NULL,6,NULL,16,'2023-07-01 06:54:16','2023-07-01 06:54:38','',NULL,11,0),(17,14,'ba1c078a-c2e2-4b28-b2ab-fcd06e2d2560',27,-1000,NULL,6,NULL,14,'2023-07-01 19:10:21','2023-07-01 19:10:21','',NULL,11,0),(18,14,'775b9809-3eaf-49fb-b841-3526c4457b10',28,-1000,NULL,6,NULL,16,'2023-07-01 19:11:20','2023-07-02 01:18:10','',NULL,11,0),(19,14,'6f5fa8ed-7334-453e-bec2-ead6ed08f5b4',28,10000,NULL,5,NULL,16,'2023-07-01 19:16:35','2023-07-01 19:16:35','',NULL,11,0),(20,15,'8845c870-7e59-4703-bc8f-fd1d293dd269',29,10000000,NULL,1,NULL,NULL,'2023-07-07 16:47:11','2023-07-07 17:36:34','02df04a0-fa2b-4fe5-a3db-3ea47b25e082',NULL,11,0),(21,14,'a24a595a-f8c0-4f05-8495-edb4e4a49bbc',29,10000000,NULL,4,'https://app.sandbox.midtrans.com/snap/v3/redirection/6d79b175-8892-40df-abbc-047dae9021ba',NULL,'2023-07-07 19:54:19','2023-07-07 21:06:08','',NULL,11,0),(22,15,'a224588d-1e7b-4f37-b7c5-8dd84132aff5',0,10000000,NULL,1,NULL,NULL,'2023-07-07 21:10:56','2023-07-07 21:11:02','',NULL,11,0),(23,14,'d2a9146d-c36a-45e1-b8ea-d552a8e1d6a8',29,10000,NULL,1,'https://app.sandbox.midtrans.com/snap/v3/redirection/c90351f5-6fa4-4874-9814-1eb920631b2f',NULL,'2023-07-07 21:13:03','2023-07-07 21:15:11','',NULL,11,1688789694),(24,14,'468294b5-60b7-482f-8fef-c09354082616',29,10000,NULL,3,'https://app.sandbox.midtrans.com/snap/v3/redirection/db000594-1835-44a0-a6cd-da9568ca1baa',NULL,'2023-07-07 21:18:42','2023-07-07 21:21:04','',NULL,11,1688790035),(25,14,'77c4cdf4-8c36-45bb-9e59-7428d99e066a',29,10000000,NULL,4,'https://app.sandbox.midtrans.com/snap/v3/redirection/5f956276-e09d-46dd-a4b3-09cacab79747',NULL,'2023-07-07 21:21:23','2023-07-07 21:30:00','',NULL,11,1688790192),(26,15,'00bbc6fc-85a0-4e68-8ab1-bafe32fa6c34',29,10000000,NULL,3,'https://app.sandbox.midtrans.com/snap/v3/redirection/738d740b-c65e-4b66-94ae-b9d147e78b9c',NULL,'2023-07-07 21:30:17','2023-07-07 21:31:16','',NULL,11,1688790726);
/*!40000 ALTER TABLE `transaction` ENABLE KEYS */;
UNLOCK TABLES;

--
-- Table structure for table `transaction_type`
--

DROP TABLE IF EXISTS `transaction_type`;
/*!40101 SET @saved_cs_client     = @@character_set_client */;
/*!50503 SET character_set_client = utf8mb4 */;
CREATE TABLE `transaction_type` (
  `id` int unsigned NOT NULL AUTO_INCREMENT,
  `name` varchar(100) COLLATE utf8mb4_unicode_ci NOT NULL,
  `description` text COLLATE utf8mb4_unicode_ci NOT NULL,
  `icon` varchar(255) COLLATE utf8mb4_unicode_ci DEFAULT NULL,
  `status` tinyint(1) NOT NULL DEFAULT '0',
  `created_at` timestamp NULL DEFAULT NULL,
  `updated_at` timestamp NULL DEFAULT NULL,
  PRIMARY KEY (`id`)
) ENGINE=InnoDB AUTO_INCREMENT=16 DEFAULT CHARSET=utf8mb4 COLLATE=utf8mb4_unicode_ci;
/*!40101 SET character_set_client = @saved_cs_client */;

--
-- Dumping data for table `transaction_type`
--

LOCK TABLES `transaction_type` WRITE;
/*!40000 ALTER TABLE `transaction_type` DISABLE KEYS */;
INSERT INTO `transaction_type` VALUES (14,'ZAKAT','Zakat dalam segi istilah adalah kegiatan mengeluarkan harta tertentu dari seseorang yang beragama Islam dan diberikan kepada golongan yang berhak menerimanya. Zakat dari segi bahasa berarti \'bersih\', \'suci\', \'subur\', \'berkat\' dan \'berkembang\'. Menurut ketentuan yang telah ditetapkan oleh syariat Islam.','zakat.jpeg',3,'2023-06-24 18:26:14','2023-06-24 18:26:14'),(15,'SEDEKAH','Zakat dalam segi istilah adalah kegiatan mengeluarkan harta tertentu dari seseorang yang beragama Islam dan diberikan kepada golongan yang berhak menerimanya. Zakat dari segi bahasa berarti \'bersih\', \'suci\', \'subur\', \'berkat\' dan \'berkembang\'. Menurut ketentuan yang telah ditetapkan oleh syariat Islam.','sedekah.jpeg',3,'2023-06-24 18:26:14','2023-06-24 18:26:14');
/*!40000 ALTER TABLE `transaction_type` ENABLE KEYS */;
UNLOCK TABLES;

--
-- Table structure for table `unit`
--

DROP TABLE IF EXISTS `unit`;
/*!40101 SET @saved_cs_client     = @@character_set_client */;
/*!50503 SET character_set_client = utf8mb4 */;
CREATE TABLE `unit` (
  `id` int unsigned NOT NULL AUTO_INCREMENT,
  `name` varchar(30) COLLATE utf8mb4_unicode_ci NOT NULL,
  `description` text COLLATE utf8mb4_unicode_ci NOT NULL,
  `created_at` timestamp NULL DEFAULT NULL,
  `updated_at` timestamp NULL DEFAULT NULL,
  PRIMARY KEY (`id`)
) ENGINE=InnoDB AUTO_INCREMENT=21 DEFAULT CHARSET=utf8mb4 COLLATE=utf8mb4_unicode_ci;
/*!40101 SET character_set_client = @saved_cs_client */;

--
-- Dumping data for table `unit`
--

LOCK TABLES `unit` WRITE;
/*!40000 ALTER TABLE `unit` DISABLE KEYS */;
INSERT INTO `unit` VALUES (11,'Rp','Rupiah','2023-06-24 15:07:27','2023-06-24 15:07:27'),(12,'Kg','Kilogram','2023-06-24 15:07:27','2023-06-24 15:07:27'),(13,'Gr','Gram','2023-06-24 15:07:27','2023-06-24 15:07:27'),(14,'Lt','Liter','2023-06-24 15:07:27','2023-06-24 15:07:27'),(15,'Ek','Ekor','2023-06-24 15:07:27','2023-06-24 15:07:27');
/*!40000 ALTER TABLE `unit` ENABLE KEYS */;
UNLOCK TABLES;

--
-- Table structure for table `users`
--

DROP TABLE IF EXISTS `users`;
/*!40101 SET @saved_cs_client     = @@character_set_client */;
/*!50503 SET character_set_client = utf8mb4 */;
CREATE TABLE `users` (
  `id` bigint unsigned NOT NULL AUTO_INCREMENT,
  `name` varchar(255) COLLATE utf8mb4_unicode_ci NOT NULL,
  `email` varchar(255) COLLATE utf8mb4_unicode_ci NOT NULL,
  `avatar` varchar(255) COLLATE utf8mb4_unicode_ci DEFAULT NULL,
  `email_verified_at` timestamp NULL DEFAULT NULL,
  `password` varchar(255) COLLATE utf8mb4_unicode_ci NOT NULL,
  `role_id` bigint unsigned NOT NULL DEFAULT '1',
  `remember_token` varchar(100) COLLATE utf8mb4_unicode_ci DEFAULT NULL,
  `created_at` timestamp NULL DEFAULT NULL,
  `updated_at` timestamp NULL DEFAULT NULL,
  PRIMARY KEY (`id`),
  UNIQUE KEY `users_email_unique` (`email`),
  KEY `users_role_id_foreign` (`role_id`),
  CONSTRAINT `users_role_id_foreign` FOREIGN KEY (`role_id`) REFERENCES `roles` (`id`)
) ENGINE=InnoDB AUTO_INCREMENT=17 DEFAULT CHARSET=utf8mb4 COLLATE=utf8mb4_unicode_ci;
/*!40101 SET character_set_client = @saved_cs_client */;

--
-- Dumping data for table `users`
--

LOCK TABLES `users` WRITE;
/*!40000 ALTER TABLE `users` DISABLE KEYS */;
INSERT INTO `users` VALUES (14,'Jane Greenholt IV 123','legros.aryanna@example.net',NULL,'2023-06-24 18:26:14','$2y$10$6XhSKEhBs9alTo3ymPu8E.Usr//bIXmvkiVJMDupUcpcHB2wI.Vu2',4,'UTSg46UiMvSWk2J4PbMBb6n5akVEw0aYrvYWx8X2c2RWZBnSFXbnIqyoZsc7','2023-06-24 18:26:14','2023-07-01 06:43:58'),(15,'Cletus Block','amani.runte@example.net',NULL,'2023-06-24 18:26:14','$2y$10$KNe80HZWO8TZOBK/kdkHV.Oy482GrEAJMcJvCJomOZh7ZTESrZVqG',4,'LDsdko41DZ','2023-06-24 18:26:14','2023-06-24 18:26:14'),(16,'Testing','testing@gmail.com',NULL,NULL,'$2y$10$0E71YrPU.TZ4MqQ4j7eT5upnisj4JByx6VbrK9rDzvdG5WE3awgSi',5,NULL,'2023-06-25 07:21:16','2023-07-01 06:46:57');
/*!40000 ALTER TABLE `users` ENABLE KEYS */;
UNLOCK TABLES;

--
-- Dumping routines for database 'simasjid'
--
/*!40103 SET TIME_ZONE=@OLD_TIME_ZONE */;

/*!40101 SET SQL_MODE=@OLD_SQL_MODE */;
/*!40014 SET FOREIGN_KEY_CHECKS=@OLD_FOREIGN_KEY_CHECKS */;
/*!40014 SET UNIQUE_CHECKS=@OLD_UNIQUE_CHECKS */;
/*!40101 SET CHARACTER_SET_CLIENT=@OLD_CHARACTER_SET_CLIENT */;
/*!40101 SET CHARACTER_SET_RESULTS=@OLD_CHARACTER_SET_RESULTS */;
/*!40101 SET COLLATION_CONNECTION=@OLD_COLLATION_CONNECTION */;
/*!40111 SET SQL_NOTES=@OLD_SQL_NOTES */;

-- Dump completed on 2023-07-08 11:55:12
